{"authorDailyContributionsMap":{"Gary":[{"date":"2023-10-13","commitResults":[{"hash":"40e86efed018d8df18089a601d77b62444eec7dd","isMergeCommit":false,"messageTitle":"Add AddClientCommand, AddLeadCommand and their respective parser","messageBody":"","fileTypesAndContributionMap":{"java":{"insertions":662,"deletions":17}}}]},{"date":"2023-10-16","commitResults":[{"hash":"7d43ecbae5a0b94579783354ecdad446d5a5b4df","isMergeCommit":false,"messageTitle":"Add checkstyle changes","messageBody":"","fileTypesAndContributionMap":{"java":{"insertions":53,"deletions":19}}},{"hash":"b728f6c289a11e4670a1da8b9049f25e88dab4e7","isMergeCommit":true,"messageTitle":"Merge branch \u0027master\u0027 into add-clients-and-leads","messageBody":"","fileTypesAndContributionMap":{}},{"hash":"a200713a386d2fc3dae863fbb38ed9d40d7adb56","isMergeCommit":false,"messageTitle":"Integrate with listlead and listclient","messageBody":"","fileTypesAndContributionMap":{"java":{"insertions":88,"deletions":33}}},{"hash":"36566123cf126b1e385eda0ed5f913fe2bb8f65e","isMergeCommit":false,"messageTitle":"Remove irrelevant test cases","messageBody":"","fileTypesAndContributionMap":{"java":{"insertions":6,"deletions":3}}}]},{"date":"2023-10-18","commitResults":[{"hash":"878de3c477226952cf827550ced73132c3c458ae","isMergeCommit":false,"messageTitle":"Refactor addclient and addlead, Add test cases","messageBody":"","fileTypesAndContributionMap":{"java":{"insertions":490,"deletions":406}}}]},{"date":"2023-10-19","commitResults":[{"hash":"3cbbb7bdd22bf744eb0f216e4e96ebde894ecade","isMergeCommit":false,"messageTitle":"Pull changes from upstream","messageBody":"","fileTypesAndContributionMap":{"java":{"insertions":253,"deletions":114}}},{"hash":"ae04a9e3e5bcbc936511bc2e0e6426e0d03cb5b3","isMergeCommit":true,"messageTitle":"Fixed merge conflicts","messageBody":"","fileTypesAndContributionMap":{}},{"hash":"41a33294e8c0c21fa70f9021c908ba3217637977","isMergeCommit":false,"messageTitle":"Refactor test cases to refer to Leads and Clients instead of Persons","messageBody":"","fileTypesAndContributionMap":{"java":{"insertions":193,"deletions":456}}},{"hash":"52634a18515e465f3fd78dd59702f6e097e77bc1","isMergeCommit":false,"messageTitle":"Remove setClient and setLead from UniquePersonList","messageBody":"","fileTypesAndContributionMap":{"java":{"insertions":0,"deletions":30}}}]},{"date":"2023-10-23","commitResults":[{"hash":"0263deac5904e10297e630302b5b6caea833c666","isMergeCommit":false,"messageTitle":"Add MeetingTime and MeetingTimeFormatter","messageBody":"","fileTypesAndContributionMap":{"java":{"insertions":60,"deletions":0}}}]},{"date":"2023-10-25","commitResults":[{"hash":"03a245a0c974c5080dee626edcf2fdc95f746032","isMergeCommit":false,"messageTitle":"Fix bugs to resolve test cases","messageBody":"","fileTypesAndContributionMap":{"java":{"insertions":252,"deletions":284},"json":{"insertions":11,"deletions":1}}},{"hash":"61a6feac14ab87c23d97b1fca12909ce5243ebd9","isMergeCommit":false,"messageTitle":"Add test cases for MeetingTime and MeetingTimeFormatter","messageBody":"","fileTypesAndContributionMap":{"java":{"insertions":274,"deletions":26}}},{"hash":"915cf806fb4e15d198e9a54287b826364eefec7b","isMergeCommit":false,"messageTitle":"Update UG with addlead and addclient","messageBody":"","fileTypesAndContributionMap":{"md":{"insertions":58,"deletions":23}}}]},{"date":"2023-10-26","commitResults":[{"hash":"8574904eb4a1a508fc959a1a67e1bf7e24e0005d","isMergeCommit":false,"messageTitle":"Add UI for meeting time","messageBody":"","fileTypesAndContributionMap":{"fxml":{"insertions":1,"deletions":0},"java":{"insertions":189,"deletions":46}}},{"hash":"b8f8209ad19d0f5f0d20bf82207504b7ecca03b5","isMergeCommit":true,"messageTitle":"Merge master branch into meeting-times","messageBody":"","fileTypesAndContributionMap":{}},{"hash":"780d065e18fa47f2e1a4ad3a1987c8d9d1a0e987","isMergeCommit":false,"messageTitle":"Pull convert client","messageBody":"","fileTypesAndContributionMap":{"java":{"insertions":12,"deletions":22}}},{"hash":"e3404d21a45d113063d1dcc56ac69d45fbc5282b","isMergeCommit":false,"messageTitle":"Add AddClient/AddLead and AddMeetingTime to Developer Guide","messageBody":"","fileTypesAndContributionMap":{"puml":{"insertions":153,"deletions":0},"md":{"insertions":88,"deletions":23}}}]},{"date":"2023-10-27","commitResults":[{"hash":"564e417d1e9b0f59ceb2921e1055ac9f98abb607","isMergeCommit":true,"messageTitle":"Merge with updated master","messageBody":"","fileTypesAndContributionMap":{}},{"hash":"4820a18e739e543f6e8dafb415d542a5798dca62","isMergeCommit":false,"messageTitle":"Fix checkstyle and test errors","messageBody":"","fileTypesAndContributionMap":{"java":{"insertions":8,"deletions":6}}}]},{"date":"2023-10-29","commitResults":[{"hash":"2a4449f477bec86fc44fc6555d302e31ff520650","isMergeCommit":false,"messageTitle":"Make MeetingTime optional","messageBody":"","fileTypesAndContributionMap":{"fxml":{"insertions":1,"deletions":1},"java":{"insertions":87,"deletions":54},"json":{"insertions":7,"deletions":7}}},{"hash":"5a18c1576667d1d3a67f0386ab7b7341b4cbc75c","isMergeCommit":true,"messageTitle":"Merge branch \u0027master\u0027 into meeting-times","messageBody":"","fileTypesAndContributionMap":{}},{"hash":"95137564f507d8640412ca777d2210c1945823e5","isMergeCommit":false,"messageTitle":"Modify test cases for optional meeting time","messageBody":"","fileTypesAndContributionMap":{"java":{"insertions":27,"deletions":62}}},{"hash":"8fc98b8838f522fad03546dacc8ddcbd43fe5b9a","isMergeCommit":false,"messageTitle":"Fix checkstyle errors","messageBody":"","fileTypesAndContributionMap":{"java":{"insertions":97,"deletions":21}}},{"hash":"80be99e07aab84d220b049bc415c0eb6716495d9","isMergeCommit":true,"messageTitle":"Merge branch \u0027master\u0027 into meeting-times","messageBody":"","fileTypesAndContributionMap":{}}]},{"date":"2023-10-30","commitResults":[{"hash":"87ee98932625b62d4beb55aff2ede47287c78929","isMergeCommit":false,"messageTitle":"Merge with master and fix test case errors","messageBody":"","fileTypesAndContributionMap":{"java":{"insertions":67,"deletions":35}}}]},{"date":"2023-10-31","commitResults":[{"hash":"14d5b38abc9f0646f619acd0f2aeb897f8c99e2d","isMergeCommit":false,"messageTitle":"Add deletemeeting command","messageBody":"","fileTypesAndContributionMap":{"java":{"insertions":146,"deletions":0}}},{"hash":"8312b3fd307a6cf9a020cc5df8dce9ff95e4688c","isMergeCommit":false,"messageTitle":"Add test cases for deletemeeting command","messageBody":"","fileTypesAndContributionMap":{"java":{"insertions":176,"deletions":12},"json":{"insertions":2,"deletions":2}}}]},{"date":"2023-11-01","commitResults":[{"hash":"5b4032b58d19b3c2a65af1d739523bdce3dbe4d0","isMergeCommit":true,"messageTitle":"Merge with upstream","messageBody":"","fileTypesAndContributionMap":{}},{"hash":"da97802335977902cca8372f477a2e1314ee9789","isMergeCommit":false,"messageTitle":"Increase code coverage and fix checkstyle errors","messageBody":"","fileTypesAndContributionMap":{"java":{"insertions":86,"deletions":35}}}]},{"date":"2023-11-02","commitResults":[{"hash":"679fb43d98239b24648222bfcc63e0ca08006323","isMergeCommit":false,"messageTitle":"Add Edit, Update deletemeeting and addclient","messageBody":"","fileTypesAndContributionMap":{"md":{"insertions":100,"deletions":23}}},{"hash":"d4aebe12a3ea4a49890e7b4412027df946906f5d","isMergeCommit":false,"messageTitle":"Fix bug in UserGuide.md file","messageBody":"","fileTypesAndContributionMap":{"md":{"insertions":1,"deletions":0}}}]},{"date":"2023-11-03","commitResults":[{"hash":"93d9246f092de4510bad7c8c1164f1f1850fb159","isMergeCommit":true,"messageTitle":"Fix minor documentation and formatting errors","messageBody":"","fileTypesAndContributionMap":{}},{"hash":"8bf8cd8d0536062c8192c27c23e826173d049216","isMergeCommit":false,"messageTitle":"Fix missing image","messageBody":"","fileTypesAndContributionMap":{"md":{"insertions":1,"deletions":1}}},{"hash":"0a9bce9483fa86558aa88a3a36f9944fd5a61d2f","isMergeCommit":true,"messageTitle":"Merge branch \u0027master\u0027 into UG","messageBody":"","fileTypesAndContributionMap":{}}]},{"date":"2023-11-07","commitResults":[{"hash":"29da20ecc82803c85b7c2fa8d51dcc449d3c0154","isMergeCommit":false,"messageTitle":"Fix documentation bugs in UG - Gary","messageBody":"","fileTypesAndContributionMap":{"md":{"insertions":97,"deletions":21}}}]},{"date":"2023-11-08","commitResults":[{"hash":"746461a5d7fc2f103ec8db91c996979624654794","isMergeCommit":true,"messageTitle":"merge with upstream master","messageBody":"","fileTypesAndContributionMap":{}},{"hash":"d5ee1659e6d161e365743a976198e9fb66c7510c","isMergeCommit":false,"messageTitle":"Fix tip icon","messageBody":"","fileTypesAndContributionMap":{"md":{"insertions":6,"deletions":2}}}]},{"date":"2023-11-09","commitResults":[{"hash":"1d5397ab7216a2faf0b57a498aeb8770625a8802","isMergeCommit":true,"messageTitle":"Fix formatting in line with other PRs","messageBody":"","fileTypesAndContributionMap":{}}]}],"Jie Xiang":[{"date":"2023-10-12","commitResults":[{"hash":"d8b5f331848e2892649cf8c99307c755f3f54499","isMergeCommit":false,"messageTitle":"Change Person class to abstract","messageBody":"","fileTypesAndContributionMap":{"java":{"insertions":4,"deletions":1}}},{"hash":"aeafaf750c5285be9a38c54c0101cec4227684db","isMergeCommit":false,"messageTitle":"Add Client and Lead classes","messageBody":"","fileTypesAndContributionMap":{"java":{"insertions":67,"deletions":0}}},{"hash":"1cbb643a6eb545e9e120c057285ec7eb4dc032f7","isMergeCommit":false,"messageTitle":"Fix broken methods involving Person instantiation","messageBody":"","fileTypesAndContributionMap":{"java":{"insertions":33,"deletions":9}}},{"hash":"d6f44b1a6ea34f7b5e9578ff7fee1cd66dfff707","isMergeCommit":false,"messageTitle":"Update test methods to create Client instead of Person","messageBody":"","fileTypesAndContributionMap":{"java":{"insertions":73,"deletions":50}}},{"hash":"c2531211185b4e8fcfbd190568e309624a590768","isMergeCommit":false,"messageTitle":"Update JSON test files","messageBody":"","fileTypesAndContributionMap":{"json":{"insertions":10,"deletions":9}}},{"hash":"9abd0a95bcdc3d6dfbd48fb38ca7d505770ec657","isMergeCommit":false,"messageTitle":"Fix checkstyle violations","messageBody":"","fileTypesAndContributionMap":{"java":{"insertions":58,"deletions":54}}},{"hash":"6e6f04bc1d1d7840763cb7771151c570181bf97e","isMergeCommit":false,"messageTitle":"Change some tests to cover Leads","messageBody":"","fileTypesAndContributionMap":{"java":{"insertions":45,"deletions":5},"json":{"insertions":3,"deletions":3}}}]},{"date":"2023-10-19","commitResults":[{"hash":"cfb7a83e9fc4a988466f6c3598ca472cc11b8538","isMergeCommit":false,"messageTitle":"Remove person type from tags","messageBody":"","fileTypesAndContributionMap":{"java":{"insertions":14,"deletions":2}}},{"hash":"2c17166e077b772922a03f50175d3ca39a87e4ca","isMergeCommit":false,"messageTitle":"Add new UI label for person type","messageBody":"","fileTypesAndContributionMap":{"css":{"insertions":8,"deletions":0},"java":{"insertions":10,"deletions":0}}},{"hash":"98dcdcf4d8caf140d7a71c8dd35ec206822f09b1","isMergeCommit":false,"messageTitle":"Refactor to use new Type model","messageBody":"","fileTypesAndContributionMap":{"java":{"insertions":119,"deletions":37}}},{"hash":"bd33c37a3a1d3cbbb10a6dc77d89bccd04fbac93","isMergeCommit":true,"messageTitle":"Merge branch \u0027master\u0027 into extract-client-lead-tags","messageBody":"","fileTypesAndContributionMap":{}},{"hash":"869ec9f5eb574bd1e677ee00e217babe063f8c60","isMergeCommit":false,"messageTitle":"Update tests","messageBody":"","fileTypesAndContributionMap":{"java":{"insertions":29,"deletions":22},"json":{"insertions":17,"deletions":7}}},{"hash":"4191b73c7af60af3a1edbc9971494ef045dd704f","isMergeCommit":false,"messageTitle":"Add tests for Type","messageBody":"","fileTypesAndContributionMap":{"java":{"insertions":65,"deletions":0}}},{"hash":"1f69e56b22e38ff680fc34197726b70c44509bcc","isMergeCommit":false,"messageTitle":"Fix lint","messageBody":"","fileTypesAndContributionMap":{"java":{"insertions":1,"deletions":6}}},{"hash":"9f54f30650e058cfaa3e81c1f547bc2e436e8748","isMergeCommit":true,"messageTitle":"Merge branch \u0027master\u0027 into extract-client-lead-tags","messageBody":"","fileTypesAndContributionMap":{}}]},{"date":"2023-10-26","commitResults":[{"hash":"8970b852d1400468035dcab1e82aa3b396597490","isMergeCommit":false,"messageTitle":"Update Model component","messageBody":"","fileTypesAndContributionMap":{"puml":{"insertions":22,"deletions":2},"md":{"insertions":2,"deletions":7}}},{"hash":"edc0d443231a166c66c0bd57f47b3ceaa529934f","isMergeCommit":false,"messageTitle":"Add trailing whitespace","messageBody":"","fileTypesAndContributionMap":{"puml":{"insertions":1,"deletions":1}}},{"hash":"db573a29393cc173dd05c10176bd4c9cc1fb1a04","isMergeCommit":false,"messageTitle":"Enable assertions","messageBody":"","fileTypesAndContributionMap":{"gradle":{"insertions":4,"deletions":0}}}]},{"date":"2023-10-27","commitResults":[{"hash":"68a41901fa2942dcce91d5c15901e4c65d74d495","isMergeCommit":false,"messageTitle":"Add proposed sort meeting time feature to UG","messageBody":"","fileTypesAndContributionMap":{"md":{"insertions":16,"deletions":0}}}]},{"date":"2023-10-31","commitResults":[{"hash":"60ea1bdb0ea0dac5f189bac5a12bc1006770815f","isMergeCommit":false,"messageTitle":"Add strict datetime resolver","messageBody":"","fileTypesAndContributionMap":{"java":{"insertions":20,"deletions":5}}},{"hash":"a0b77aea913471e197a0ff1f6b9635d778893b0f","isMergeCommit":false,"messageTitle":"Update test cases","messageBody":"","fileTypesAndContributionMap":{"java":{"insertions":69,"deletions":60},"json":{"insertions":5,"deletions":5}}},{"hash":"5d94bf5279490dc7cfc983fae649b4bd07018f34","isMergeCommit":false,"messageTitle":"Update CLI messages","messageBody":"","fileTypesAndContributionMap":{"java":{"insertions":23,"deletions":22}}}]},{"date":"2023-11-01","commitResults":[{"hash":"7fb634be33a72fe8893b2340c1d366daec5405c4","isMergeCommit":false,"messageTitle":"Add sort meeting time command","messageBody":"","fileTypesAndContributionMap":{"java":{"insertions":21,"deletions":0}}},{"hash":"55bed28cff138834311780b7bcd1bdda91d12e22","isMergeCommit":false,"messageTitle":"Implement sort meeting time feature","messageBody":"","fileTypesAndContributionMap":{"java":{"insertions":57,"deletions":1}}},{"hash":"718f9eea4e84f5aff5777cf73f077e7a7fa92c7a","isMergeCommit":true,"messageTitle":"Merge branch \u0027master\u0027 into add-sort-meeting-time-feature","messageBody":"","fileTypesAndContributionMap":{}},{"hash":"ed934205fe406a0db912dd93b3e8f287816b6ab0","isMergeCommit":false,"messageTitle":"Update test cases","messageBody":"","fileTypesAndContributionMap":{"java":{"insertions":131,"deletions":4},"json":{"insertions":4,"deletions":4}}},{"hash":"6087f3abddef0ccdea2be5d3dc121dc05e8cca10","isMergeCommit":true,"messageTitle":"Resolve merge conflicts","messageBody":"","fileTypesAndContributionMap":{}},{"hash":"81ab7485b5aa18b6f8a3a8f4a602bc09a91d8169","isMergeCommit":false,"messageTitle":"Fix bug caused by calling toString on wrong object","messageBody":"","fileTypesAndContributionMap":{"java":{"insertions":3,"deletions":1}}},{"hash":"fe8dd08da5e184f68c5364b91e9290fb0833a050","isMergeCommit":false,"messageTitle":"Remove unused import","messageBody":"","fileTypesAndContributionMap":{"java":{"insertions":0,"deletions":1}}}]},{"date":"2023-11-02","commitResults":[{"hash":"0021c916f23e7a1de27fb072ec3d5a99d20b1794","isMergeCommit":true,"messageTitle":"Merge branch \u0027master\u0027 into add-sort-meeting-time-feature","messageBody":"","fileTypesAndContributionMap":{}},{"hash":"1992a9b5ef5bd3318e8513f5104279a25b519374","isMergeCommit":false,"messageTitle":"Modify sample data to have varied meeting times","messageBody":"","fileTypesAndContributionMap":{"java":{"insertions":6,"deletions":6}}},{"hash":"a06a569c2579b470ef460aeceffa0fadd8a539d9","isMergeCommit":false,"messageTitle":"Clarify meeting time constraint message","messageBody":"","fileTypesAndContributionMap":{"java":{"insertions":2,"deletions":1}}},{"hash":"d4e7122dc39237f58ecc829496d9323b83b8d1d7","isMergeCommit":true,"messageTitle":"Merge branch \u0027master\u0027 into add-add-meeting-time-feature","messageBody":"","fileTypesAndContributionMap":{}},{"hash":"621e657ad9018d2f8a30eeb8b7bcaaa84bdd09b9","isMergeCommit":false,"messageTitle":"Add AddMeetingCommand skeleton code","messageBody":"","fileTypesAndContributionMap":{"java":{"insertions":95,"deletions":0}}},{"hash":"585f5f00e6408754d8c887982423c373b4729031","isMergeCommit":false,"messageTitle":"Implement AddMeetingCommand features fully","messageBody":"","fileTypesAndContributionMap":{"java":{"insertions":78,"deletions":2}}},{"hash":"ecab6ad71ba42b30342b4235e07069ca2cb8ef76","isMergeCommit":false,"messageTitle":"Add tests for AddMeetingCommand","messageBody":"","fileTypesAndContributionMap":{"java":{"insertions":150,"deletions":1}}},{"hash":"08a358599ad64cf7a0007a88ca16471e0ba86ee2","isMergeCommit":false,"messageTitle":"Add test to AddressBookParser for AddMeetingCommand parsing","messageBody":"","fileTypesAndContributionMap":{"java":{"insertions":12,"deletions":0}}},{"hash":"951ad863f266471845331fefbaf378370be6538a","isMergeCommit":false,"messageTitle":"Add tests for AddMeetingCommandParser","messageBody":"","fileTypesAndContributionMap":{"java":{"insertions":65,"deletions":2}}},{"hash":"9be89d075e10dd989bcf2f6daa4778bc4cdd9a6a","isMergeCommit":true,"messageTitle":"Merge branch \u0027master\u0027 into add-add-meeting-time-feature","messageBody":"","fileTypesAndContributionMap":{}}]},{"date":"2023-11-03","commitResults":[{"hash":"ba5276c6f36054c36ea3e1f89a51063098bc05ad","isMergeCommit":false,"messageTitle":"Update UG for AddMeetingCommand","messageBody":"","fileTypesAndContributionMap":{"md":{"insertions":25,"deletions":7}}},{"hash":"51bb827563c49db44641fdcf0baff4bdd8488944","isMergeCommit":false,"messageTitle":"Update UG for SortMeetingCommand","messageBody":"","fileTypesAndContributionMap":{"md":{"insertions":28,"deletions":4}}}]},{"date":"2023-11-08","commitResults":[{"hash":"bc68b27015c0a7bf3e1f78cb6c003055d620bfb0","isMergeCommit":false,"messageTitle":"Hide missing optional fields in Messages","messageBody":"","fileTypesAndContributionMap":{"java":{"insertions":19,"deletions":15}}},{"hash":"d6c7572b201da7f17abc71a7c257f316569f348c","isMergeCommit":false,"messageTitle":"Fix inconsistencies in UG","messageBody":"","fileTypesAndContributionMap":{"md":{"insertions":2,"deletions":2}}},{"hash":"1fba56980537bbf278bc2379abee17a713e2ee2a","isMergeCommit":false,"messageTitle":"Update test cases","messageBody":"","fileTypesAndContributionMap":{"java":{"insertions":2,"deletions":3}}},{"hash":"ee3a84e6e9db1a22463a778984520908ff279539","isMergeCommit":false,"messageTitle":"Update user guide","messageBody":"","fileTypesAndContributionMap":{"md":{"insertions":54,"deletions":30}}},{"hash":"628c955d3c5fc7c8571da6139ea305ee91770792","isMergeCommit":true,"messageTitle":"Merge branch \u0027master\u0027 into update-ug-v1.4","messageBody":"","fileTypesAndContributionMap":{}},{"hash":"e3d5e281835d081c422da74399b5b332455beb4d","isMergeCommit":false,"messageTitle":"Add missing line break","messageBody":"","fileTypesAndContributionMap":{"md":{"insertions":1,"deletions":1}}},{"hash":"fd38ee508408a1942a427c917c23f4c2287b23a0","isMergeCommit":false,"messageTitle":"Fix typos","messageBody":"","fileTypesAndContributionMap":{"md":{"insertions":2,"deletions":2}}}]}],"tiif":[{"date":"2023-10-14","commitResults":[{"hash":"e813144e2833ac82fdef19be32e741ad8147a61c","isMergeCommit":false,"messageTitle":"Add LeadTest","messageBody":"","fileTypesAndContributionMap":{"java":{"insertions":219,"deletions":0}}},{"hash":"9538bf108d5e95aa25ba76482cad766c16e0e1b1","isMergeCommit":false,"messageTitle":"Update ClientTest","messageBody":"","fileTypesAndContributionMap":{"java":{"insertions":185,"deletions":3}}},{"hash":"2772fdd610aa9b398ddabec139df3eb8d78e09d3","isMergeCommit":false,"messageTitle":"Add Lead related test in AddressBookTest","messageBody":"","fileTypesAndContributionMap":{"java":{"insertions":31,"deletions":1}}},{"hash":"d0d55bb4d2184919bd262d92d636fa892e3dd904","isMergeCommit":false,"messageTitle":"Fix checkstyle","messageBody":"","fileTypesAndContributionMap":{"java":{"insertions":73,"deletions":20}}},{"hash":"0dad32b63f2f569b9e9ddba2fe1eac789c53de87","isMergeCommit":false,"messageTitle":"Fix test failed problem","messageBody":"","fileTypesAndContributionMap":{"java":{"insertions":2,"deletions":2}}}]},{"date":"2023-10-18","commitResults":[{"hash":"7bfa0d10917cac616f99c9c4f666dc79e5fd9a2d","isMergeCommit":true,"messageTitle":"resolve conflict in addressbooktest","messageBody":"","fileTypesAndContributionMap":{}},{"hash":"476c4b5a0bdc45de30834088ee636273a9c25df9","isMergeCommit":false,"messageTitle":"temporary fix for failed test","messageBody":"","fileTypesAndContributionMap":{"java":{"insertions":5,"deletions":5}}},{"hash":"0e038251efb23500fe2975bf2768090a610fefed","isMergeCommit":true,"messageTitle":"resolve conflict","messageBody":"","fileTypesAndContributionMap":{}},{"hash":"7f68d6d6ac031dfd3eb73ef170cb2c5babc20265","isMergeCommit":false,"messageTitle":"fix checkstyle","messageBody":"","fileTypesAndContributionMap":{"java":{"insertions":3,"deletions":5},"gitignore":{"insertions":0,"deletions":0},"xml":{"insertions":79,"deletions":0},"iml":{"insertions":9,"deletions":0}}},{"hash":"96544e7f4f1b35c60314fd953478178422591590","isMergeCommit":false,"messageTitle":"fix checkstyle","messageBody":"","fileTypesAndContributionMap":{"gitignore":{"insertions":0,"deletions":0},"xml":{"insertions":0,"deletions":79},"iml":{"insertions":0,"deletions":9}}},{"hash":"342935f9cae3b972a4477b352c2206517c5c45d4","isMergeCommit":false,"messageTitle":"change AddressBook.hasPerson and create test for ListClientCommand and ListLeadCommand","messageBody":"","fileTypesAndContributionMap":{"java":{"insertions":83,"deletions":34}}},{"hash":"a0821fc21419f5e32209dce02aaf9b8da3cb0f07","isMergeCommit":false,"messageTitle":"add test for deletelead and deletecommand","messageBody":"","fileTypesAndContributionMap":{"java":{"insertions":30,"deletions":1}}},{"hash":"c22a5ee4f6112b7caedc524aefbbf3f3ee5c3454","isMergeCommit":false,"messageTitle":"add uniqueClientList test and uniqueLeadList test","messageBody":"","fileTypesAndContributionMap":{"java":{"insertions":349,"deletions":0}}}]},{"date":"2023-10-19","commitResults":[{"hash":"106b5a48b378ee6f60bfb8326e75a6dc672928a9","isMergeCommit":false,"messageTitle":"Revert \"Merge pull request #76 from yuxunn/delete_commands\"","messageBody":"This reverts commit ef8ba7ce62a44e015a6b477f5f30ee042f989bb7, reversing\nchanges made to 083d789f3ef61fc046dcc95b9b995c3c9a076040.\n","fileTypesAndContributionMap":{"java":{"insertions":44,"deletions":285}}},{"hash":"9c7dac32c6775ba87b00a13d43bdad160934823b","isMergeCommit":false,"messageTitle":"Add comment to UniquePersonList","messageBody":"","fileTypesAndContributionMap":{"java":{"insertions":9,"deletions":1}}},{"hash":"4941dafd46bc699624b5ef75468cc05a1f93829e","isMergeCommit":false,"messageTitle":"delete deleteClientCommandTest and deleteLeadCommandTest","messageBody":"","fileTypesAndContributionMap":{"java":{"insertions":1,"deletions":238}}}]},{"date":"2023-10-22","commitResults":[{"hash":"91a4d7ee304ea9316ef07bb9dfa64150a2bbaebf","isMergeCommit":false,"messageTitle":"fixing lead related instantiation","messageBody":"","fileTypesAndContributionMap":{"java":{"insertions":241,"deletions":62}}}]},{"date":"2023-10-25","commitResults":[{"hash":"26cc9dbfdb3403b0645b451f1883f08aee95c5c6","isMergeCommit":false,"messageTitle":"Add KeyMilestone field to Lead class","messageBody":"","fileTypesAndContributionMap":{"java":{"insertions":347,"deletions":124},"json":{"insertions":10,"deletions":0}}}]},{"date":"2023-10-26","commitResults":[{"hash":"fc260a0441a3e1dfa6ff5b705a2e9f7bad8b8d86","isMergeCommit":false,"messageTitle":"Add Key Milestone field in User Guide","messageBody":"","fileTypesAndContributionMap":{"md":{"insertions":12,"deletions":0}}},{"hash":"dec98faeab1c68d8cb052f62f0ea3db3f67b3396","isMergeCommit":false,"messageTitle":"Add tests","messageBody":"","fileTypesAndContributionMap":{"java":{"insertions":267,"deletions":23}}},{"hash":"781f0a9b94e39eba70ee47011f123dc181b82922","isMergeCommit":false,"messageTitle":"Update version number","messageBody":"","fileTypesAndContributionMap":{"java":{"insertions":1,"deletions":1},"gitignore":{"insertions":0,"deletions":0},"xml":{"insertions":79,"deletions":0},"iml":{"insertions":9,"deletions":0}}},{"hash":"039c22fe798d20119d7b8d0066e0f279f10b06b4","isMergeCommit":false,"messageTitle":"Remove .idea","messageBody":"","fileTypesAndContributionMap":{"gitignore":{"insertions":0,"deletions":0},"xml":{"insertions":0,"deletions":79},"iml":{"insertions":0,"deletions":9}}},{"hash":"4efbc422f70e6f6be6f1ef66a619107a01dda627","isMergeCommit":false,"messageTitle":"Update manual testing for DeveloperGuide.md","messageBody":"","fileTypesAndContributionMap":{"md":{"insertions":58,"deletions":4}}},{"hash":"1c527e64afec795790740ebde660a7b48cf2e19c","isMergeCommit":true,"messageTitle":"Fix merge conflict","messageBody":"","fileTypesAndContributionMap":{}}]},{"date":"2023-10-28","commitResults":[{"hash":"d5a522d2525765d64c21c40c4ab25e26472426cb","isMergeCommit":false,"messageTitle":"Add testcases","messageBody":"","fileTypesAndContributionMap":{"gradle":{"insertions":4,"deletions":0},"java":{"insertions":120,"deletions":202}}},{"hash":"568462b44f168032ae560274483994172c357017","isMergeCommit":false,"messageTitle":"Use LocalDateTime in KeyMilestone validation","messageBody":"","fileTypesAndContributionMap":{"java":{"insertions":13,"deletions":6}}}]},{"date":"2023-10-29","commitResults":[{"hash":"2a60c30db1d08eee2c41ade6e2005a724da1550c","isMergeCommit":true,"messageTitle":"resolve conflict","messageBody":"","fileTypesAndContributionMap":{}},{"hash":"f187ce1b8490f3558bf1740711b8c26026673969","isMergeCommit":false,"messageTitle":"Update the UI","messageBody":"","fileTypesAndContributionMap":{"fxml":{"insertions":5,"deletions":0},"java":{"insertions":11,"deletions":9}}}]},{"date":"2023-10-30","commitResults":[{"hash":"0b79201ba1d90f38389134e51930a59d28bf8c4b","isMergeCommit":false,"messageTitle":"Update UI","messageBody":"","fileTypesAndContributionMap":{"fxml":{"insertions":8,"deletions":2},"java":{"insertions":17,"deletions":5}}},{"hash":"dc0d4c366d1e4dc0219e81a1b0c3c2fb9faffd27","isMergeCommit":false,"messageTitle":"Fix bugs in EditCommandParser","messageBody":"","fileTypesAndContributionMap":{"fxml":{"insertions":1,"deletions":1},"java":{"insertions":20,"deletions":13}}},{"hash":"a12b9c4c6e7e46e622ec7e00f73403f1c0994c74","isMergeCommit":false,"messageTitle":"Comment out failed test","messageBody":"","fileTypesAndContributionMap":{"java":{"insertions":1,"deletions":2}}},{"hash":"e395e2a913a00c12f0ce547c17acbfe54ededb99","isMergeCommit":true,"messageTitle":"Merge branch \u0027master\u0027 into branch-add-field","messageBody":"","fileTypesAndContributionMap":{}},{"hash":"5ca46e759180a1037b6cf123a3324214e89f818a","isMergeCommit":false,"messageTitle":"Fix test after merge","messageBody":"","fileTypesAndContributionMap":{"java":{"insertions":104,"deletions":78}}},{"hash":"0baa95838217d5eb07620b35adbcd95a892d1aef","isMergeCommit":false,"messageTitle":"Fix all test","messageBody":"","fileTypesAndContributionMap":{"java":{"insertions":0,"deletions":8}}},{"hash":"4c7c5a16df386b92be58b971357f1e59f1ed04ab","isMergeCommit":false,"messageTitle":"Fix checkstyle","messageBody":"","fileTypesAndContributionMap":{"java":{"insertions":265,"deletions":195}}},{"hash":"bb957a0e42801b93b235e526374bf23b41800293","isMergeCommit":false,"messageTitle":"Fix bugs","messageBody":"Fixed the bug where edit the field of leads will convert it to client.\n","fileTypesAndContributionMap":{"java":{"insertions":15,"deletions":3}}}]},{"date":"2023-11-02","commitResults":[{"hash":"a50f9acf42ffa1ca9f7188d73c81a535e43641ce","isMergeCommit":false,"messageTitle":"Add test and fix bugs","messageBody":"","fileTypesAndContributionMap":{"java":{"insertions":216,"deletions":18}}},{"hash":"d4a99155fc554e9530828049e45583d216df4003","isMergeCommit":true,"messageTitle":"Merge branch \u0027master\u0027 into branch-add-field","messageBody":"","fileTypesAndContributionMap":{}},{"hash":"faf0d789f94c45ac55d0b0b93b9bbbae63e1135e","isMergeCommit":false,"messageTitle":"Fix checkstyle","messageBody":"","fileTypesAndContributionMap":{"java":{"insertions":13,"deletions":19}}},{"hash":"c8bb4396f432cee7da76449f6f0ac2a34c436ee5","isMergeCommit":false,"messageTitle":"Add testcase","messageBody":"","fileTypesAndContributionMap":{"java":{"insertions":13,"deletions":1}}},{"hash":"c1212a3b04c50e01e5748cbf0006d721daaf916f","isMergeCommit":false,"messageTitle":"Fixes checkstyle error","messageBody":"","fileTypesAndContributionMap":{"java":{"insertions":0,"deletions":1}}},{"hash":"f4622be9a3fa5a4b6b3d8b379c91f182de1c28e7","isMergeCommit":false,"messageTitle":"Fixes lead edit string bug","messageBody":"","fileTypesAndContributionMap":{"java":{"insertions":2,"deletions":1}}}]},{"date":"2023-11-03","commitResults":[{"hash":"cdff598b4feded76aaf99daeb6383f8d90797595","isMergeCommit":false,"messageTitle":"Update user guide for KeyMilestone","messageBody":"","fileTypesAndContributionMap":{"md":{"insertions":16,"deletions":22}}},{"hash":"ed61eb39ead6eaf345c34ed85bee4eefa2e6fd02","isMergeCommit":true,"messageTitle":"Merge branch \u0027branch-review-122\u0027 into branch-update-ug","messageBody":"","fileTypesAndContributionMap":{}},{"hash":"df8580eefbc064c8911a089dd3e9620c10f936d2","isMergeCommit":false,"messageTitle":"Update user guide and edit command usage string","messageBody":"","fileTypesAndContributionMap":{"java":{"insertions":2,"deletions":0},"md":{"insertions":2,"deletions":2}}},{"hash":"d181f03db1469f1d5dd8292a7ad60ac4f1d58904","isMergeCommit":true,"messageTitle":"Merge branch \u0027master\u0027 into branch-update-ug","messageBody":"","fileTypesAndContributionMap":{}}]},{"date":"2023-11-08","commitResults":[{"hash":"e79ea7447b7f74902a33ea967651a300b898204d","isMergeCommit":false,"messageTitle":"Update faq and command summary in UG","messageBody":"","fileTypesAndContributionMap":{"md":{"insertions":50,"deletions":0}}},{"hash":"b41ca93209628d5ba1e2b019e6768af1be0e931c","isMergeCommit":false,"messageTitle":"Update UG","messageBody":"","fileTypesAndContributionMap":{"md":{"insertions":25,"deletions":4}}},{"hash":"4f986e0dfe5483246f2fbe6eab926036e92fe986","isMergeCommit":false,"messageTitle":"Update UG","messageBody":"","fileTypesAndContributionMap":{"md":{"insertions":1,"deletions":1}}},{"hash":"e55cfde10ba710752a967ed9b25b1cbeffaed563","isMergeCommit":true,"messageTitle":"Merge branch \u0027master\u0027 into branch-fix-bug","messageBody":"","fileTypesAndContributionMap":{}}]},{"date":"2023-11-09","commitResults":[{"hash":"f59f5291d1e2006929ebecfb02984d96650824c5","isMergeCommit":false,"messageTitle":"Update PPP","messageBody":"","fileTypesAndContributionMap":{"md":{"insertions":14,"deletions":9}}}]}],"jx124":[{"date":"2023-10-17","commitResults":[{"hash":"ef8ba7ce62a44e015a6b477f5f30ee042f989bb7","isMergeCommit":true,"messageTitle":"Merge pull request #76 from yuxunn/delete_commands","messageBody":"Delete commands","fileTypesAndContributionMap":{}}]},{"date":"2023-10-25","commitResults":[{"hash":"0d96f8d96260264a56d136d45baa038d772a2ad0","isMergeCommit":true,"messageTitle":"Merge pull request #88 from yuxunn/ViewCommandDraft","messageBody":"View command","fileTypesAndContributionMap":{}}]},{"date":"2023-10-27","commitResults":[{"hash":"65a2841ca3ca33763a94d9349d7fd8362e9cee61","isMergeCommit":true,"messageTitle":"Merge pull request #100 from yuxunn/UG","messageBody":"Update UG and DG with View Command and UI Class Diagram","fileTypesAndContributionMap":{}}]},{"date":"2023-11-01","commitResults":[{"hash":"9ceab1e49ff9bfaae6b64add54dc0592e3377f67","isMergeCommit":true,"messageTitle":"Merge pull request #113 from yuxunn/UI","messageBody":"Change View Command and Main UI","fileTypesAndContributionMap":{}}]},{"date":"2023-11-07","commitResults":[{"hash":"266ed35fd56c20ee53438b7edb7a3575173d987a","isMergeCommit":true,"messageTitle":"Merge pull request #179 from yuxunn/UG-4","messageBody":"Update UserGuide","fileTypesAndContributionMap":{}}]}],"yuxunn":[{"date":"2023-10-15","commitResults":[{"hash":"5aa612abc8ebd0b14250a6aeec0d22f7275efe0b","isMergeCommit":false,"messageTitle":"add delete_client delete_lead command","messageBody":"","fileTypesAndContributionMap":{"java":{"insertions":314,"deletions":43}}},{"hash":"88183f2fe66b39ce34994324271c4cb7999ae39f","isMergeCommit":false,"messageTitle":"add delete commands","messageBody":"","fileTypesAndContributionMap":{"java":{"insertions":1,"deletions":1}}},{"hash":"2c74f798e7b500774ded529ca562bcfa735b8c75","isMergeCommit":false,"messageTitle":"add delete commands","messageBody":"","fileTypesAndContributionMap":{"java":{"insertions":1,"deletions":1}}},{"hash":"8839e08cdaca9a82b1bc0ebf3eb61d13b0af6103","isMergeCommit":false,"messageTitle":"add delete commands","messageBody":"","fileTypesAndContributionMap":{"java":{"insertions":2,"deletions":1}}},{"hash":"0ff68d7cf71911b2e1090afa1f6543e2693f79ab","isMergeCommit":false,"messageTitle":"add delete commands","messageBody":"","fileTypesAndContributionMap":{"java":{"insertions":16,"deletions":44}}},{"hash":"03604aa0e08659eb03cc5bf9189980c16c5d45f9","isMergeCommit":false,"messageTitle":"add delete commands","messageBody":"","fileTypesAndContributionMap":{"java":{"insertions":0,"deletions":3}}},{"hash":"419a5fe9f784706d5d23624ad6f224b88cfce303","isMergeCommit":true,"messageTitle":"Merge pull request #73 from LicongHuang/master","messageBody":"Add filtered view","fileTypesAndContributionMap":{}},{"hash":"dfa88bea28d68cb8b36acba30a7578c9aaeb433f","isMergeCommit":false,"messageTitle":"added tests","messageBody":"","fileTypesAndContributionMap":{"java":{"insertions":14,"deletions":14}}}]},{"date":"2023-10-19","commitResults":[{"hash":"311f3e556f4287dbe83c0e54d9e25bcef2edb5a5","isMergeCommit":true,"messageTitle":"Merge pull request #80 from tiif/master","messageBody":"Revert \"Merge pull request #76 from yuxunn/delete_commands\"","fileTypesAndContributionMap":{}},{"hash":"3b4788b7600f86ef32e79a0537d75828c8ff5d8a","isMergeCommit":true,"messageTitle":"Merge pull request #81 from LicongHuang/master","messageBody":"Update ListClient and ListLead","fileTypesAndContributionMap":{}}]},{"date":"2023-10-21","commitResults":[{"hash":"f4aed83e7878a2f776f77ee89dc28cb520286a09","isMergeCommit":false,"messageTitle":"Draft for View Command","messageBody":"","fileTypesAndContributionMap":{"java":{"insertions":338,"deletions":3}}}]},{"date":"2023-10-22","commitResults":[{"hash":"11678eeb92b74600d4bc8e0eeb0b059b00b0877f","isMergeCommit":false,"messageTitle":"Add view command tests","messageBody":"","fileTypesAndContributionMap":{"java":{"insertions":115,"deletions":236}}},{"hash":"4e1abcccbe89a71452eb417b77ebad21818346bd","isMergeCommit":false,"messageTitle":"Fix checkstyle","messageBody":"","fileTypesAndContributionMap":{"java":{"insertions":0,"deletions":51}}},{"hash":"13da0812f98eaa5d12cbeb9a504369aa03c12fd5","isMergeCommit":false,"messageTitle":"Fix checkstyle","messageBody":"","fileTypesAndContributionMap":{"java":{"insertions":2,"deletions":2}}},{"hash":"fc6916b986c02ac046ab52f48877ef35ce612ea2","isMergeCommit":false,"messageTitle":"Add parser test","messageBody":"","fileTypesAndContributionMap":{"java":{"insertions":37,"deletions":0}}},{"hash":"4763ecadee940411991d449b5a5b367d7133ca3c","isMergeCommit":false,"messageTitle":"Add parser test","messageBody":"","fileTypesAndContributionMap":{"java":{"insertions":1,"deletions":2}}}]},{"date":"2023-10-24","commitResults":[{"hash":"1e0ccf7dbef07dbda099acc80b795c86ccd1af1f","isMergeCommit":false,"messageTitle":"Add CSS to view","messageBody":"","fileTypesAndContributionMap":{"fxml":{"insertions":74,"deletions":1},"css":{"insertions":21,"deletions":0},"java":{"insertions":146,"deletions":8}}},{"hash":"16e3922479b31cac80877efd3cfd8ff7cb928722","isMergeCommit":false,"messageTitle":"Fix Checkstyle","messageBody":"","fileTypesAndContributionMap":{"fxml":{"insertions":41,"deletions":23},"css":{"insertions":6,"deletions":5},"java":{"insertions":11,"deletions":13}}},{"hash":"041cd7ad03c516d1b8ecd3c6c15a1c335f622ee0","isMergeCommit":false,"messageTitle":"Fix Checkstyle","messageBody":"","fileTypesAndContributionMap":{"fxml":{"insertions":2,"deletions":2}}},{"hash":"01acabf0f8012c01738fac8a202d10bd6eeb12d3","isMergeCommit":false,"messageTitle":"Fix Checkstyle","messageBody":"","fileTypesAndContributionMap":{"java":{"insertions":7,"deletions":7}}},{"hash":"7236d762bf7d2fd37ed54a550800be10c6b38956","isMergeCommit":false,"messageTitle":"Fix Checkstyle","messageBody":"","fileTypesAndContributionMap":{"java":{"insertions":1,"deletions":1}}},{"hash":"d9745ff34a7898c96cbc628dffd9e5f18b06997d","isMergeCommit":false,"messageTitle":"Add tests","messageBody":"","fileTypesAndContributionMap":{"java":{"insertions":42,"deletions":0}}}]},{"date":"2023-10-25","commitResults":[{"hash":"69cfd20f2f8f32b7352d4991175cef6987819e62","isMergeCommit":false,"messageTitle":"Add test","messageBody":"","fileTypesAndContributionMap":{"java":{"insertions":19,"deletions":0}}}]},{"date":"2023-10-26","commitResults":[{"hash":"928e16d768d0e2d1d6d1155ffdff3c58d2bde2b8","isMergeCommit":true,"messageTitle":"Merge branch \u0027master\u0027 into convertlead","messageBody":"","fileTypesAndContributionMap":{}},{"hash":"833d99a80089d26b137406e6b6f01509584119e0","isMergeCommit":true,"messageTitle":"Merge pull request #90 from LicongHuang/convertlead","messageBody":"Add Convertion of class","fileTypesAndContributionMap":{}},{"hash":"8b93e8d1a05a2c6640259a983f26f5626d07116a","isMergeCommit":false,"messageTitle":"Revert \"Add Convertion of class\"","messageBody":"","fileTypesAndContributionMap":{"java":{"insertions":12,"deletions":351}}},{"hash":"dbc9d95968a214814e3c69608500f06844c438e4","isMergeCommit":false,"messageTitle":"UG and DG","messageBody":"","fileTypesAndContributionMap":{"puml":{"insertions":75,"deletions":1},"md":{"insertions":25,"deletions":0}}},{"hash":"f9f40b2b2df56083c81942fb5e1b00f8586bcb54","isMergeCommit":false,"messageTitle":"Trailing whitespaces","messageBody":"","fileTypesAndContributionMap":{"puml":{"insertions":2,"deletions":2},"md":{"insertions":32,"deletions":5}}},{"hash":"1cb76f87dc8d98337a860a3baba93d4f482718c7","isMergeCommit":true,"messageTitle":"Merge pull request #98 from jx124/update-model-dg","messageBody":"Update Model component in DG","fileTypesAndContributionMap":{}}]},{"date":"2023-10-27","commitResults":[{"hash":"db283ed2c40c7373a27a76d81f4a6659bc3b615d","isMergeCommit":false,"messageTitle":"Fix ViewSequenceDiagram","messageBody":"","fileTypesAndContributionMap":{"puml":{"insertions":1,"deletions":1}}},{"hash":"6f6f21ee876d446ba804930724138e09e24bc20f","isMergeCommit":true,"messageTitle":"Merge pull request #101 from LicongHuang/design-guide","messageBody":"","fileTypesAndContributionMap":{}}]},{"date":"2023-10-29","commitResults":[{"hash":"97f54b0305e1dd75ca907bacc87e6bed0667b380","isMergeCommit":true,"messageTitle":"Merge pull request #103 from LicongHuang/convertlead","messageBody":"Add command to convert lead to client","fileTypesAndContributionMap":{}}]},{"date":"2023-10-30","commitResults":[{"hash":"6e59e41abf2e5530efa6f73a65088df6d412191a","isMergeCommit":false,"messageTitle":"Make meeting time visible in view","messageBody":"","fileTypesAndContributionMap":{"fxml":{"insertions":16,"deletions":9},"css":{"insertions":1,"deletions":0},"java":{"insertions":11,"deletions":1}}}]},{"date":"2023-11-01","commitResults":[{"hash":"e20e13698c0a24f27f40ae3970c990bfa2b80f7b","isMergeCommit":false,"messageTitle":"Change DAVE UI","messageBody":"","fileTypesAndContributionMap":{"fxml":{"insertions":69,"deletions":39},"css":{"insertions":80,"deletions":36}}},{"hash":"52fab051e896a0988efd2f010bb82b4b1896a870","isMergeCommit":false,"messageTitle":"Change DAVE UI","messageBody":"","fileTypesAndContributionMap":{"fxml":{"insertions":0,"deletions":3}}},{"hash":"232bd4c8dc1026c1449c54b7eb97455befa8e905","isMergeCommit":false,"messageTitle":"Minor fixes","messageBody":"","fileTypesAndContributionMap":{"css":{"insertions":9,"deletions":3},"java":{"insertions":1,"deletions":1}}},{"hash":"ad917d00c10b6d367ac5794efdd7d0a906464d3f","isMergeCommit":true,"messageTitle":"Merge branch \u0027master\u0027 into UI","messageBody":"","fileTypesAndContributionMap":{}},{"hash":"2af02a696462ccb19d4b531b5baf7f5a9b8808c3","isMergeCommit":false,"messageTitle":"Minor fixes","messageBody":"","fileTypesAndContributionMap":{"fxml":{"insertions":13,"deletions":12},"java":{"insertions":9,"deletions":7}}},{"hash":"19fb02ba1dc5d1f2ef7764da992b8934a018c89e","isMergeCommit":false,"messageTitle":"Fix bugs in View","messageBody":"","fileTypesAndContributionMap":{"fxml":{"insertions":21,"deletions":23},"css":{"insertions":8,"deletions":5},"java":{"insertions":14,"deletions":13}}},{"hash":"0afbed9b80668d9bd5f30475a54812c8be0e1193","isMergeCommit":false,"messageTitle":"Fix bugs in View","messageBody":"","fileTypesAndContributionMap":{"fxml":{"insertions":1,"deletions":1}}}]},{"date":"2023-11-02","commitResults":[{"hash":"af86810cf435b2e4541265004123e8d5abcc076a","isMergeCommit":false,"messageTitle":"Add wrap text","messageBody":"","fileTypesAndContributionMap":{"fxml":{"insertions":1,"deletions":1}}}]},{"date":"2023-11-03","commitResults":[{"hash":"8ed262a6e4e125d045a451c3d4bf3a62ef86c214","isMergeCommit":false,"messageTitle":"Change UG","messageBody":"","fileTypesAndContributionMap":{"md":{"insertions":3,"deletions":3}}},{"hash":"e78de48155eb1dfe46d5568c90ce97e517e3d1ee","isMergeCommit":true,"messageTitle":"Merge pull request #125 from LicongHuang/convertlead","messageBody":"","fileTypesAndContributionMap":{}},{"hash":"2ad9904be609db65a9d00afd1f986b398f213873","isMergeCommit":false,"messageTitle":"Change UG","messageBody":"","fileTypesAndContributionMap":{"md":{"insertions":1,"deletions":1}}},{"hash":"862e490b75c8d20f87b4c4ee641056c91417e6dc","isMergeCommit":false,"messageTitle":"H4 headers","messageBody":"","fileTypesAndContributionMap":{"md":{"insertions":2,"deletions":2}}}]},{"date":"2023-11-06","commitResults":[{"hash":"a0028c7f9174fd04c4c46b89fe3d43ccea0ec698","isMergeCommit":false,"messageTitle":"Add commands to UG","messageBody":"","fileTypesAndContributionMap":{"java":{"insertions":2,"deletions":2},"md":{"insertions":61,"deletions":1}}}]},{"date":"2023-11-07","commitResults":[{"hash":"d927fa1049b8efd8f4d50525268ccafa39b94ae1","isMergeCommit":false,"messageTitle":"Add commands to UG","messageBody":"","fileTypesAndContributionMap":{"md":{"insertions":3,"deletions":1}}}]},{"date":"2023-11-08","commitResults":[{"hash":"86a6e915fa1f22a47bd6515a544ca016d1b1862e","isMergeCommit":true,"messageTitle":"Merge pull request #178 from LicongHuang/convertlead","messageBody":"Update UserGuide","fileTypesAndContributionMap":{}}]}],"Huang Licong":[{"date":"2023-10-13","commitResults":[{"hash":"faaf31e580939f7196dddcd14a09a39811c05833","isMergeCommit":true,"messageTitle":"Merge branch \u0027AY2324S1-CS2103T-F08-2:master\u0027 into master","messageBody":"","fileTypesAndContributionMap":{}}]},{"date":"2023-10-19","commitResults":[{"hash":"d9aceb9bed11bf1b9a77e9d904d2ab3f0b875ee7","isMergeCommit":true,"messageTitle":"Merge pull request #75 from tiif/branch-test-v1.2","messageBody":"Created test for Lead and Client class","fileTypesAndContributionMap":{}},{"hash":"e4dfeffc665088db877501793d525fc82a41b4f7","isMergeCommit":true,"messageTitle":"Merge branch \u0027AY2324S1-CS2103T-F08-2:master\u0027 into master","messageBody":"","fileTypesAndContributionMap":{}}]},{"date":"2023-10-25","commitResults":[{"hash":"3b7af279478d425abfc59b25e1ce140c0b533cc7","isMergeCommit":true,"messageTitle":"Merge branch \u0027AY2324S1-CS2103T-F08-2:master\u0027 into master","messageBody":"","fileTypesAndContributionMap":{}},{"hash":"1ed75003dfdb19d5145c88170dc2ea272a9ff406","isMergeCommit":true,"messageTitle":"Merge pull request #91 from garylow2001/UG","messageBody":"Update UG with addlead and addclient","fileTypesAndContributionMap":{}}]},{"date":"2023-10-27","commitResults":[{"hash":"5dc88aab12d8dc5542170f9ac3ec532ec8fe7f1d","isMergeCommit":true,"messageTitle":"Merge pull request #96 from tiif/master","messageBody":"Update version number in MainApp.java","fileTypesAndContributionMap":{}}]},{"date":"2023-10-31","commitResults":[{"hash":"69d9c4fc0cf52f5c5fe55026bb28c42e1ed31207","isMergeCommit":true,"messageTitle":"Merge pull request #108 from tiif/branch-add-field","messageBody":"Branch add field for Lead\u0027s KeyMilestone","fileTypesAndContributionMap":{}}]},{"date":"2023-11-01","commitResults":[{"hash":"1eae881d3de43aab08d1e54016f953dee4bcf064","isMergeCommit":true,"messageTitle":"Merge pull request #110 from garylow2001/meeting-times","messageBody":"Add command to delete meeting time from clients and leads","fileTypesAndContributionMap":{}},{"hash":"a36e21b3f7941abde2bb5e45634f0a279c5aacc6","isMergeCommit":true,"messageTitle":"Merge pull request #115 from jx124/fix-wrong-exception-bug","messageBody":"Fix bug caused by calling toString on wrong object","fileTypesAndContributionMap":{}}]},{"date":"2023-11-02","commitResults":[{"hash":"68a3831b7d747fec4607cdbe303485006bb45a95","isMergeCommit":true,"messageTitle":"Merge pull request #116 from tiif/branch-add-field","messageBody":"Added Testcases and Fixed Bugs for KeyMilestone","fileTypesAndContributionMap":{}},{"hash":"9c76b9b41fd03963d1064d1ea125cbb3fd79f8d4","isMergeCommit":true,"messageTitle":"Merge pull request #118 from tiif/branch-add-field","messageBody":"Fixes toString error when editing lead","fileTypesAndContributionMap":{}},{"hash":"c6a0b078431ba765dc707cb79e712a323fd5b99c","isMergeCommit":true,"messageTitle":"Merge pull request #119 from yuxunn/UI-Main","messageBody":"Add wrap text to result display","tags":["v1.3"],"fileTypesAndContributionMap":{}}]},{"date":"2023-11-03","commitResults":[{"hash":"a3792a76f7943b4e816148c273e2eb6c6d8c9007","isMergeCommit":false,"messageTitle":"Update UserGuide.md","messageBody":"","fileTypesAndContributionMap":{"md":{"insertions":1,"deletions":1}}},{"hash":"0286a354fa0f489bf6130ebd17fc84f79a50f5cd","isMergeCommit":true,"messageTitle":"Merge pull request #130 from yuxunn/UG-3","messageBody":"Add h4 header","fileTypesAndContributionMap":{}},{"hash":"c76c7f5f98a27633166529530fdbeb95ae9904f2","isMergeCommit":true,"messageTitle":"Merge pull request #129 from tiif/branch-update-ug","messageBody":"Branch update ug for KeyMilestone","fileTypesAndContributionMap":{}}]},{"date":"2023-11-08","commitResults":[{"hash":"41c95c8376eff3a423c9daf9ea0cc6c45fde1a16","isMergeCommit":true,"messageTitle":"Merge pull request #185 from tiif/branch-fix-bug","messageBody":"Update user guide","fileTypesAndContributionMap":{}}]},{"date":"2023-11-09","commitResults":[{"hash":"a3d3eb615499096569d5ac70edf7bc258eb09b18","isMergeCommit":true,"messageTitle":"Merge pull request #193 from tiif/branch-update-ppp","messageBody":"Update PPP","fileTypesAndContributionMap":{}}]}],"byt":[{"date":"2023-10-17","commitResults":[{"hash":"083d789f3ef61fc046dcc95b9b995c3c9a076040","isMergeCommit":true,"messageTitle":"Merge pull request #77 from garylow2001/add-clients-and-leads","messageBody":"Add clients and leads","fileTypesAndContributionMap":{}},{"hash":"839782d76da3a334ca5176ae2d057bdaf7d6e7fc","isMergeCommit":true,"messageTitle":"Merge branch \u0027master\u0027 into branch-test-v1.2","messageBody":"","fileTypesAndContributionMap":{}}]},{"date":"2023-10-19","commitResults":[{"hash":"9f78542d5e69943d469d01cf6e8a2fde04126e10","isMergeCommit":true,"messageTitle":"Merge pull request #79 from garylow2001/add-clients-and-leads","messageBody":"Refactor addclient and addlead, Add test cases","fileTypesAndContributionMap":{}}]},{"date":"2023-10-26","commitResults":[{"hash":"e25e83a496e5670049dffba3dad6758dc9c8d692","isMergeCommit":true,"messageTitle":"Merge pull request #97 from garylow2001/DG","messageBody":"Add AddClient/AddLead and AddMeetingTime to Developer Guide","fileTypesAndContributionMap":{}},{"hash":"107f4ef772b80b933fc01076c9cd60cf031018b4","isMergeCommit":true,"messageTitle":"Merge branch \u0027AY2324S1-CS2103T-F08-2:master\u0027 into master","messageBody":"","fileTypesAndContributionMap":{}}]},{"date":"2023-10-27","commitResults":[{"hash":"6c157f945bd9afe5858e4b03bce6ec6c4e63e7df","isMergeCommit":true,"messageTitle":"Merge pull request #102 from jx124/proposed-sort-meeting-ug","messageBody":"Add proposed sort meeting time feature to UG","fileTypesAndContributionMap":{}},{"hash":"1398e8353674ea80a7968433b1d3b7f55a608272","isMergeCommit":true,"messageTitle":"Merge pull request #99 from tiif/branch-update-dg","messageBody":"Branch update dg","fileTypesAndContributionMap":{}},{"hash":"b5e2fe5c5a47be573a76891f5f02cd6b32b678ee","isMergeCommit":true,"messageTitle":"Merge pull request #93 from garylow2001/meeting-times","messageBody":"Add Meeting Time to Client and Lead","fileTypesAndContributionMap":{}}]},{"date":"2023-10-30","commitResults":[{"hash":"28a13d7f6fad41fe613464d896a227f1a1409fca","isMergeCommit":true,"messageTitle":"Merge pull request #104 from garylow2001/meeting-times","messageBody":"Refactor Meeting Times to be optional","fileTypesAndContributionMap":{}}]},{"date":"2023-11-02","commitResults":[{"hash":"f04ce9e66296a9c43388a0cf23086c0ba01cb13a","isMergeCommit":true,"messageTitle":"Merge branch \u0027AY2324S1-CS2103T-F08-2:master\u0027 into branch-add-field","messageBody":"","fileTypesAndContributionMap":{}}]},{"date":"2023-11-03","commitResults":[{"hash":"1044bb39eeb79f268f9e679ba4dc491a9945212f","isMergeCommit":true,"messageTitle":"Merge pull request #122 from garylow2001/UG","messageBody":"Update User Guide for Edit, DeleteMeeting and AddClient","fileTypesAndContributionMap":{}}]},{"date":"2023-11-09","commitResults":[{"hash":"93b8b42c5a99cfa9d135975c3ad652e94af0e8dd","isMergeCommit":true,"messageTitle":"Merge pull request #181 from garylow2001/UG","messageBody":"Fix documentation issues in UG - Gary","fileTypesAndContributionMap":{}}]}],"garylow2001":[{"date":"2023-10-12","commitResults":[{"hash":"69379acd1579dd413ec851b06fe15c5000366c67","isMergeCommit":true,"messageTitle":"Merge pull request #71 from jx124/add-client-lead-classes","messageBody":"Make Person abstract and create Client and Lead classes","fileTypesAndContributionMap":{}}]},{"date":"2023-10-19","commitResults":[{"hash":"0bab3a788414f7eced7c4015a2dfd7ea41b15f8f","isMergeCommit":true,"messageTitle":"Merge pull request #82 from jx124/extract-client-lead-tags","messageBody":"Extract \"client\" and \"lead\" tags into Type class","tags":["v1.2"],"fileTypesAndContributionMap":{}}]},{"date":"2023-10-26","commitResults":[{"hash":"c90c4fc6b9aae663784c9307bf271f4bb86b0a7f","isMergeCommit":true,"messageTitle":"Merge pull request #92 from tiif/branch-keymilestone-userguide","messageBody":"Add Key Milestone field in User Guide","fileTypesAndContributionMap":{}},{"hash":"3e2b2c1c5e65a081251ce2dd61335a6e41cadf61","isMergeCommit":true,"messageTitle":"Merge pull request #95 from AY2324S1-CS2103T-F08-2/revert-90-convertlead","messageBody":"Revert \"Add Convertion of class\"","tags":["v1.3.trial"],"fileTypesAndContributionMap":{}}]},{"date":"2023-10-31","commitResults":[{"hash":"6cf4dd305ee457ca80612f6fe82c9904f28185dd","isMergeCommit":true,"messageTitle":"Merge pull request #109 from jx124/fix-datetime-parsing-bug","messageBody":"Fix datetime parsing bug","fileTypesAndContributionMap":{}}]},{"date":"2023-11-02","commitResults":[{"hash":"78c9e211ff6d2d98f3a18d2b2fcbe079ff931955","isMergeCommit":true,"messageTitle":"Merge pull request #111 from jx124/add-sort-meeting-time-feature","messageBody":"Add sort meeting time feature","fileTypesAndContributionMap":{}},{"hash":"79c7a49348dfd5219b78238df7ac0c9188885eba","isMergeCommit":true,"messageTitle":"Merge pull request #121 from jx124/add-add-meeting-time-feature","messageBody":"Add add meeting time feature","fileTypesAndContributionMap":{}}]},{"date":"2023-11-03","commitResults":[{"hash":"80b7f87e69441a4373c1cd762217e2795d86bd8d","isMergeCommit":true,"messageTitle":"Merge pull request #128 from yuxunn/UG-2","messageBody":"Update UG","fileTypesAndContributionMap":{}},{"hash":"ab70cefe3effde4115dde72bdf731335c562e338","isMergeCommit":true,"messageTitle":"Merge branch \u0027master\u0027 into update-ug","messageBody":"","fileTypesAndContributionMap":{}},{"hash":"dbcde1f13888be2ddfb185bf07b624fe5587b1db","isMergeCommit":true,"messageTitle":"Merge pull request #127 from jx124/update-ug","messageBody":"Update UG for AddMeeting and SortMeeting commands","fileTypesAndContributionMap":{}}]},{"date":"2023-11-09","commitResults":[{"hash":"60428a0ab852115a6581326bf9ecc0e5e50351c6","isMergeCommit":true,"messageTitle":"Merge pull request #186 from jx124/update-ug-v1.4","messageBody":"Update UG for v1.4","fileTypesAndContributionMap":{}},{"hash":"fa1d4363d9f134d35fd62881635d7aed4d7f5539","isMergeCommit":true,"messageTitle":"Merge pull request #182 from jx124/hide-missing-meeting","messageBody":"Hide missing optional features","fileTypesAndContributionMap":{}}]}],"LicongHuang":[{"date":"2023-10-14","commitResults":[{"hash":"1f1a0b2b609c00f172eb08882fe3d47987479946","isMergeCommit":false,"messageTitle":"Add filtered view of clients or leads","messageBody":"","fileTypesAndContributionMap":{"java":{"insertions":90,"deletions":0}}},{"hash":"7f9286c293abab3d177daa5b34f9edd815b594e1","isMergeCommit":false,"messageTitle":"Update UserGuide","messageBody":"","fileTypesAndContributionMap":{"md":{"insertions":15,"deletions":3}}},{"hash":"bd7c2111b6659990aaf5dee5653c14b505c4da3d","isMergeCommit":false,"messageTitle":"Clear lint errors","messageBody":"","fileTypesAndContributionMap":{"java":{"insertions":6,"deletions":6},"md":{"insertions":23,"deletions":26}}},{"hash":"9b6fea0d12d0daba957ac660a163b070fb821da2","isMergeCommit":false,"messageTitle":"Clear lint errors","messageBody":"","fileTypesAndContributionMap":{"java":{"insertions":0,"deletions":6},"md":{"insertions":0,"deletions":7}}},{"hash":"865e0153bdf7bc9c80fefcee8e207ceb6bf3834e","isMergeCommit":false,"messageTitle":"Remove lint problems","messageBody":"","fileTypesAndContributionMap":{"java":{"insertions":13,"deletions":16}}},{"hash":"415436d86c1dd2360232951da587f8ee4963bf64","isMergeCommit":false,"messageTitle":"Remove lint problems","messageBody":"","fileTypesAndContributionMap":{"java":{"insertions":1,"deletions":1}}},{"hash":"1bfdff548d37341e970941676aa254beeecfe49d","isMergeCommit":false,"messageTitle":"Clear lint issue","messageBody":"","fileTypesAndContributionMap":{"java":{"insertions":6,"deletions":6}}},{"hash":"80d21a30617634104a1a0be0a84842f03871e30b","isMergeCommit":false,"messageTitle":"Clear lint issue","messageBody":"","fileTypesAndContributionMap":{"java":{"insertions":0,"deletions":2}}}]},{"date":"2023-10-15","commitResults":[{"hash":"1910c60f34220f90e127be41b0524e0ee115cf4b","isMergeCommit":false,"messageTitle":"Add tests","messageBody":"","fileTypesAndContributionMap":{"java":{"insertions":79,"deletions":3}}},{"hash":"3f2d179def60516bdb049a754b4f4ee90b05c106","isMergeCommit":false,"messageTitle":"Change for lint","messageBody":"","fileTypesAndContributionMap":{"java":{"insertions":3,"deletions":2}}}]},{"date":"2023-10-19","commitResults":[{"hash":"fa6a75bd2513181c865656ae8e873de5677d7ced","isMergeCommit":false,"messageTitle":"Create dashed flags","messageBody":"","fileTypesAndContributionMap":{"java":{"insertions":6,"deletions":0}}},{"hash":"0005a2ed27e1e60dc2a7f825954e106432bf6db5","isMergeCommit":false,"messageTitle":"Some update","messageBody":"","fileTypesAndContributionMap":{"java":{"insertions":4,"deletions":17}}},{"hash":"f12bd38c58fae99692cbb0a13745051ea27b546d","isMergeCommit":false,"messageTitle":"Update comments","messageBody":"","fileTypesAndContributionMap":{"java":{"insertions":2,"deletions":2}}}]},{"date":"2023-10-23","commitResults":[{"hash":"31dd3a7cd71cd62d8ddaf00bba01820408acafd9","isMergeCommit":false,"messageTitle":"Change CliSyntax","messageBody":"","fileTypesAndContributionMap":{"java":{"insertions":5,"deletions":11}}},{"hash":"911dd3db39c9bd3d86765d44a1bd2b5a572bea4d","isMergeCommit":false,"messageTitle":"Add space in CliSyntax","messageBody":"","fileTypesAndContributionMap":{"java":{"insertions":5,"deletions":5}}}]},{"date":"2023-10-25","commitResults":[{"hash":"1f97cb9e85b5deb2907f320c7dfff3bc3b8528f4","isMergeCommit":false,"messageTitle":"Implement Convert client to lead","messageBody":"","fileTypesAndContributionMap":{"java":{"insertions":263,"deletions":0}}},{"hash":"e623822c44fd40f5f3c5992c8e889ad87071a19d","isMergeCommit":false,"messageTitle":"Add test","messageBody":"","fileTypesAndContributionMap":{"java":{"insertions":82,"deletions":0}}},{"hash":"54b7f5d1e9400c2a12d5276686118add7dab0867","isMergeCommit":false,"messageTitle":"Update UserGuide","messageBody":"","fileTypesAndContributionMap":{"md":{"insertions":16,"deletions":4}}},{"hash":"2ce09c298cfe3d4e6b612f9454d3a055ce7e6884","isMergeCommit":false,"messageTitle":"Test stuff","messageBody":"","fileTypesAndContributionMap":{"new_things":{"insertions":0,"deletions":0}}},{"hash":"5d53ddb2b392083e91d698b6c178bd53e36be21d","isMergeCommit":false,"messageTitle":"Test branch","messageBody":"","fileTypesAndContributionMap":{"new_things":{"insertions":0,"deletions":0}}}]},{"date":"2023-10-26","commitResults":[{"hash":"a40513e2b8bb1f7b2984668520eb5b4d1eb09fc8","isMergeCommit":false,"messageTitle":"Editing test","messageBody":"","fileTypesAndContributionMap":{"java":{"insertions":308,"deletions":41}}},{"hash":"7bfcf78bd6512b2788d6b8422c9495a0a2c52fc9","isMergeCommit":false,"messageTitle":"Edit Command","messageBody":"","fileTypesAndContributionMap":{"java":{"insertions":7,"deletions":5}}},{"hash":"e28afde3feccaabce4465ddc5be5a391e2a21e6e","isMergeCommit":true,"messageTitle":"Merge branch \u0027master\u0027 of github.com:LicongHuang/tp into convertlead","messageBody":"# Conflicts:\n#\tsrc/main/java/seedu/address/logic/commands/ConvertClientToLeadCommand.java\n#\tsrc/main/java/seedu/address/logic/commands/ConvertLeadToClientCommand.java\n#\tsrc/test/java/seedu/address/logic/commands/ConvertClientToLeadCommandTest.java\n#\tsrc/test/java/seedu/address/logic/commands/ConvertLeadToClientCommandTest.java\n","fileTypesAndContributionMap":{}},{"hash":"850e4addbb322a9ef7687df89cda0224ac34fe0f","isMergeCommit":false,"messageTitle":"Edit test","messageBody":"","fileTypesAndContributionMap":{"java":{"insertions":40,"deletions":18}}},{"hash":"1dd4bb508e4224aa5173a1e2316c8642d57cbab0","isMergeCommit":false,"messageTitle":"Edit DG","messageBody":"","fileTypesAndContributionMap":{"md":{"insertions":34,"deletions":0}}}]},{"date":"2023-10-27","commitResults":[{"hash":"b2dc53a6f98ee34daec342cc6b1355bd04aa476e","isMergeCommit":true,"messageTitle":"Merge branch \u0027master\u0027 of github.com:LicongHuang/tp into convertlead","messageBody":"","fileTypesAndContributionMap":{}},{"hash":"e91279304bdbc1f39fc16782cb0ac43aafc73574","isMergeCommit":false,"messageTitle":"Update test","messageBody":"","fileTypesAndContributionMap":{"java":{"insertions":140,"deletions":35}}},{"hash":"0181c84f588e530de41fe38ec037d297897317c4","isMergeCommit":true,"messageTitle":"Merge branch \u0027master\u0027 of github.com:LicongHuang/tp into convertlead","messageBody":"","fileTypesAndContributionMap":{}},{"hash":"7f3bb3e815b6f6df04ee660a76fa92d80abaf4ed","isMergeCommit":false,"messageTitle":"Update test","messageBody":"","fileTypesAndContributionMap":{"java":{"insertions":13,"deletions":6}}},{"hash":"37b9027f80e9bd4749ee37917bb77626ca5cc137","isMergeCommit":false,"messageTitle":"Update test","messageBody":"","fileTypesAndContributionMap":{"java":{"insertions":8,"deletions":2}}}]},{"date":"2023-10-28","commitResults":[{"hash":"f4ef0f1e1a769269c8a4a88ed3d99190b24868f9","isMergeCommit":false,"messageTitle":"Add comments","messageBody":"","fileTypesAndContributionMap":{"java":{"insertions":14,"deletions":8}}},{"hash":"11852c2ecf3377b7b2892ffbc6ad3d80c4ff4cbb","isMergeCommit":false,"messageTitle":"Add comments","messageBody":"","fileTypesAndContributionMap":{"java":{"insertions":3,"deletions":3}}},{"hash":"5d9419aeee08d174d92cd5eee81361ff0adca369","isMergeCommit":false,"messageTitle":"Add comments","messageBody":"","fileTypesAndContributionMap":{"java":{"insertions":4,"deletions":4}}},{"hash":"76246b265643424c3e6e61558bfa2155b3c663d8","isMergeCommit":false,"messageTitle":"Add comments","messageBody":"","fileTypesAndContributionMap":{"java":{"insertions":18,"deletions":14}}},{"hash":"8faef41dd6e4db67a825814103883fd61a756025","isMergeCommit":false,"messageTitle":"Add comments","messageBody":"","fileTypesAndContributionMap":{"java":{"insertions":7,"deletions":7}}},{"hash":"7c40deb8c471b7ccb094b0d833af044eb7e71a33","isMergeCommit":false,"messageTitle":"Add comments","messageBody":"","fileTypesAndContributionMap":{"java":{"insertions":8,"deletions":3}}},{"hash":"74997f0eb18facecff0490fa44b59dcd5886be10","isMergeCommit":false,"messageTitle":"Add comments","messageBody":"","fileTypesAndContributionMap":{"java":{"insertions":6,"deletions":3}}},{"hash":"27f2d4f1b3706703e395e0f3d01aa9e8e8741908","isMergeCommit":false,"messageTitle":"Add comments","messageBody":"","fileTypesAndContributionMap":{"java":{"insertions":4,"deletions":8}}},{"hash":"054c87d3d58f71e227c77dfad8782c3380d736e4","isMergeCommit":false,"messageTitle":"Add comments","messageBody":"","fileTypesAndContributionMap":{"java":{"insertions":2,"deletions":3}}},{"hash":"f885cfb5b325eea9a83d4dc8b3e0e6f87f63193b","isMergeCommit":false,"messageTitle":"Add comments","messageBody":"","fileTypesAndContributionMap":{"java":{"insertions":2,"deletions":1}}},{"hash":"1d67beb0c6962fa2686cbb3fdc98c3cd183a7f58","isMergeCommit":false,"messageTitle":"Add comments","messageBody":"","fileTypesAndContributionMap":{"java":{"insertions":2,"deletions":2}}}]},{"date":"2023-10-29","commitResults":[{"hash":"be5207d07f8be18e8a41c56b14cfe8a50d42ef1f","isMergeCommit":false,"messageTitle":"Add Convert Command Parser","messageBody":"","fileTypesAndContributionMap":{"java":{"insertions":71,"deletions":0}}},{"hash":"0651b2672351606fb14f4053aff1eeafce4a560e","isMergeCommit":false,"messageTitle":"Add Convert Command Parser","messageBody":"","fileTypesAndContributionMap":{"java":{"insertions":2,"deletions":6}}},{"hash":"7575194cdb4cb41b76df3198f613c8c91bb6b383","isMergeCommit":false,"messageTitle":"Add Convert Command Parser","messageBody":"","fileTypesAndContributionMap":{"java":{"insertions":1,"deletions":3},"md":{"insertions":11,"deletions":11}}},{"hash":"6be261d15168f82bd03be51c731a6dd880a905d4","isMergeCommit":false,"messageTitle":"Add Convert Command Parser","messageBody":"","fileTypesAndContributionMap":{"md":{"insertions":10,"deletions":0}}},{"hash":"9e4457c1e84bbd8db5dd75c1c5a6629cb448ee11","isMergeCommit":false,"messageTitle":"Add Convert Command Parser","messageBody":"","fileTypesAndContributionMap":{"java":{"insertions":1,"deletions":1}}},{"hash":"ce44d09d0618b3f0750b7b68d8a8defa5f7e570f","isMergeCommit":false,"messageTitle":"Add Convert Command Parser","messageBody":"","fileTypesAndContributionMap":{"java":{"insertions":1,"deletions":1},"md":{"insertions":7,"deletions":1}}},{"hash":"08f445960308e5c8ebd6af707285424470b7ac88","isMergeCommit":false,"messageTitle":"Add Convert Command Parser","messageBody":"","fileTypesAndContributionMap":{"java":{"insertions":2,"deletions":2}}},{"hash":"ca7fedc4c717b1efb1104da4c974a67a79b884ae","isMergeCommit":false,"messageTitle":"Add Parser test","messageBody":"","fileTypesAndContributionMap":{"java":{"insertions":58,"deletions":0}}},{"hash":"e6d8c1797ac33f48d57976bffc4ecb236e37096f","isMergeCommit":false,"messageTitle":"Add Parser test","messageBody":"","fileTypesAndContributionMap":{"java":{"insertions":4,"deletions":2}}},{"hash":"3c80ed998fc3e9193d87b930965d00379885699f","isMergeCommit":false,"messageTitle":"Add Parser test","messageBody":"","fileTypesAndContributionMap":{"java":{"insertions":0,"deletions":1}}}]},{"date":"2023-11-03","commitResults":[{"hash":"c9300b42912384fd0ff3f5c65fdf1b663d43f8a3","isMergeCommit":false,"messageTitle":"Fix bug temporary","messageBody":"","fileTypesAndContributionMap":{"java":{"insertions":2,"deletions":3},"md":{"insertions":15,"deletions":4}}},{"hash":"359cbe6346920d0689c7b4239fd530fd177dbc39","isMergeCommit":false,"messageTitle":"Fix bug temporary","messageBody":"","fileTypesAndContributionMap":{"java":{"insertions":9,"deletions":1},"md":{"insertions":22,"deletions":2}}},{"hash":"30ec9ffc0e40bfceddcd832642236732673fba73","isMergeCommit":false,"messageTitle":"Fix User Guide","messageBody":"","fileTypesAndContributionMap":{"md":{"insertions":3,"deletions":3}}},{"hash":"cbd57ed9921131b317dfc52ca8e6131a8a6761df","isMergeCommit":false,"messageTitle":"Fix User Guide","messageBody":"","fileTypesAndContributionMap":{"java":{"insertions":11,"deletions":1}}},{"hash":"2ee26b11133702d7e5df5128f4effdccc4eb0d5a","isMergeCommit":false,"messageTitle":"Fix User Guide","messageBody":"","fileTypesAndContributionMap":{"java":{"insertions":0,"deletions":1}}}]},{"date":"2023-11-07","commitResults":[{"hash":"4feb4c01196a62305df29c79577464695b80f52c","isMergeCommit":false,"messageTitle":"Update UserGuide","messageBody":"","fileTypesAndContributionMap":{"java":{"insertions":43,"deletions":31},"md":{"insertions":45,"deletions":5}}}]}]},"authorFileTypeContributionMap":{"Gary":{"md":340,"puml":153,"java":1858,"fxml":1,"json":8},"Jie Xiang":{"gradle":4,"md":116,"puml":22,"java":1113,"css":8,"json":25},"tiif":{"gradle":4,"md":134,"java":1618,"fxml":8,"json":5},"jx124":{},"yuxunn":{"md":90,"puml":74,"java":443,"css":113,"fxml":141},"Huang Licong":{"md":1},"byt":{},"garylow2001":{"md":2},"LicongHuang":{"md":142,"java":967}},"authorContributionVariance":{"Gary":90432.79,"Jie Xiang":14979.864,"tiif":55873.477,"jx124":0.0,"yuxunn":27040.941,"Huang Licong":0.12109375,"byt":0.0,"garylow2001":0.0,"LicongHuang":12551.916},"authorDisplayNameMap":{"Gary":"Gary","Jie Xiang":"Jie Xiang","tiif":"tiif","jx124":"jx124","yuxunn":"yuxunn","Huang Licong":"Huang Licong","byt":"byt","garylow2001":"garylow2001","LicongHuang":"LicongHuang"}}
