{"repoSenseVersion":"5cd529fb46","reportGeneratedTime":"Thu Nov 9 14:04:02 2023 SGT","reportGenerationTime":" 6.82 second(s)","zoneId":"Asia/Singapore","reportTitle":"RepoSense Report","repos":[{"location":{"location":"https://github.com/AY2324S1-CS2103T-F08-2/tp","repoName":"tp","organization":"AY2324S1-CS2103T-F08-2","domainName":"github"},"branch":"master","displayName":"AY2324S1-CS2103T-F08-2/tp[master]","outputFolderName":"AY2324S1-CS2103T-F08-2_tp_master"}],"errorSet":[],"sinceDate":"2023-10-09","untilDate":"2023-11-09","isSinceDateProvided":false,"isUntilDateProvided":false,"supportedDomainUrlMap":{"NOT_RECOGNIZED":{"BRANCH":"","REPO_URL":"UNSUPPORTED","BASE_URL":"UNSUPPORTED","HISTORY_PATH":"","COMMIT_PATH":"","BLAME_PATH":""},"github":{"BRANCH":"tree/$BRANCH","REPO_URL":"https://github.com/$ORGANIZATION/$REPO_NAME/","BASE_URL":"https://github.com/","HISTORY_PATH":"commits/$BRANCH/$FILE_PATH","COMMIT_PATH":"commit/$COMMIT_HASH","BLAME_PATH":"blame/$BRANCH/$FILE_PATH"}}}
